{
  "project_info": {
    "project_number": "491596177068",
    "project_id": "sutrack-18114",
    "storage_bucket": "sutrack-18114.appspot.com"
  },
  "client": [
    {
      "client_info": {
        "mobilesdk_app_id": "1:491596177068:android:0e62e52e601972a06d8909",
        "android_client_info": {
          "package_name": "com.example.sutrack"
        }
      },
      "oauth_client": [
        {
          "client_id": "491596177068-bmj41t5a9pa1o9u8esk92et084hsog7a.apps.googleusercontent.com",
          "client_type": 1,
          "android_info": {
            "package_name": "com.example.sutrack",
            "certificate_hash": "4a44f85dae85dd6eaf1feb5bce635b49e3c97c0f"
          }
        },
        {
          "client_id": "491596177068-jp36aodr7isgbqclgekakuf1tjsnrqmh.apps.googleusercontent.com",
          "client_type": 3
        }
      ],
      "api_key": [
        {
          "current_key": "AIzaSyBhHE7KkYp0P53euwmbztxLUWLyUALnPng"
        }
      ],
      "services": {
        "appinvite_service": {
          "other_platform_oauth_client": [
            {
              "client_id": "491596177068-jp36aodr7isgbqclgekakuf1tjsnrqmh.apps.googleusercontent.com",
              "client_type": 3
            }
          ]
        }
      }
    }
  ],
  "configuration_version": "1"
}