{
  "project_info": {
    "project_number": "81224376692",
    "firebase_url": "https://bouto-251506.firebaseio.com",
    "project_id": "bouto-251506",
    "storage_bucket": "bouto-251506.appspot.com"
  },
  "client": [
    {
      "client_info": {
        "mobilesdk_app_id": "1:81224376692:android:d661063c8371d5701a0c21",
        "android_client_info": {
          "package_name": "com.nextstack.chicken.customerapp"
        }
      },
      "oauth_client": [
        {
          "client_id": "81224376692-b5ea7ttsil5r0h51gtll42bumbvsqqdg.apps.googleusercontent.com",
          "client_type": 1,
          "android_info": {
            "package_name": "com.nextstack.chicken.customerapp",
            "certificate_hash": "26328bdab3e107652b9809153ae05aa45f901fa8"
          }
        },
        {
          "client_id": "81224376692-qb0a41maqu3lm5pib0v9c0iav8rtkjfb.apps.googleusercontent.com",
          "client_type": 1,
          "android_info": {
            "package_name": "com.nextstack.chicken.customerapp",
            "certificate_hash": "2d96f559ebec04cb615ebdaede000fef736e88bc"
          }
        },
        {
          "client_id": "81224376692-im5o706h7ltcq46tknp5nf170b8sqbbu.apps.googleusercontent.com",
          "client_type": 3
        }
      ],
      "api_key": [
        {
          "current_key": "AIzaSyClof5PRRJbdDPb2Knz_50X7hVPEgpg1M8"
        }
      ],
      "services": {
        "appinvite_service": {
          "other_platform_oauth_client": [
            {
              "client_id": "81224376692-im5o706h7ltcq46tknp5nf170b8sqbbu.apps.googleusercontent.com",
              "client_type": 3
            }
          ]
        }
      }
    },
    {
      "client_info": {
        "mobilesdk_app_id": "1:81224376692:android:961ad232bafbdc491a0c21",
        "android_client_info": {
          "package_name": "com.nextstack.chicken.distributor"
        }
      },
      "oauth_client": [
        {
          "client_id": "81224376692-v5boufsh07lhe0vgf25tn06g396gaj99.apps.googleusercontent.com",
          "client_type": 1,
          "android_info": {
            "package_name": "com.nextstack.chicken.distributor",
            "certificate_hash": "3d0b93bf14e34cf0a0867bdfeb9b23d2d1fcc476"
          }
        },
        {
          "client_id": "81224376692-im5o706h7ltcq46tknp5nf170b8sqbbu.apps.googleusercontent.com",
          "client_type": 3
        }
      ],
      "api_key": [
        {
          "current_key": "AIzaSyClof5PRRJbdDPb2Knz_50X7hVPEgpg1M8"
        }
      ],
      "services": {
        "appinvite_service": {
          "other_platform_oauth_client": [
            {
              "client_id": "81224376692-im5o706h7ltcq46tknp5nf170b8sqbbu.apps.googleusercontent.com",
              "client_type": 3
            }
          ]
        }
      }
    }
  ],
  "configuration_version": "1"
}