{
  "project_info": {
    "project_number": "785395369618",
    "project_id": "outstationapp",
    "storage_bucket": "outstationapp.appspot.com"
  },
  "client": [
    {
      "client_info": {
        "mobilesdk_app_id": "1:785395369618:android:b56e6bf7831a4648de084b",
        "android_client_info": {
          "package_name": "com.example.outstation"
        }
      },
      "oauth_client": [
        {
          "client_id": "785395369618-ra2jcp207jm59vu47sitd6ib0k7eh2c2.apps.googleusercontent.com",
          "client_type": 1,
          "android_info": {
            "package_name": "com.example.outstation",
            "certificate_hash": "4a44f85dae85dd6eaf1feb5bce635b49e3c97c0f"
          }
        },
        {
          "client_id": "785395369618-l87mic54bue9bgda76e8l46ld4rondms.apps.googleusercontent.com",
          "client_type": 3
        }
      ],
      "api_key": [
        {
          "current_key": "AIzaSyBMWEAHcqAX4QT6GE6d4FkyxaHnsvzlbKM"
        }
      ],
      "services": {
        "appinvite_service": {
          "other_platform_oauth_client": [
            {
              "client_id": "785395369618-l87mic54bue9bgda76e8l46ld4rondms.apps.googleusercontent.com",
              "client_type": 3
            }
          ]
        }
      }
    }
  ],
  "configuration_version": "1"
}